,model,tn,fp,fn,tp,accuracy,recall,f1_score
0,Logistic Regression,424417,7,0,6120,0.9999837414991267,1.0,0.9994284314526006
1,SVM,424424,0,0,6120,1.0,1.0,1.0
2,Gradient Boosting Classifier,424422,2,5,6115,0.9999837414991267,0.9991830065359477,0.9994279643703522
